iter	Logloss
0	0.3314412668
1	0.2786415193
2	0.2553580945
3	0.2440718229
4	0.2331640921
5	0.2266665603
6	0.2208405185
7	0.2158101674
8	0.2114848433
9	0.2079801638
10	0.2052874761
11	0.202813846
12	0.2011327349
13	0.1981450428
14	0.1947543669
15	0.1917340873
16	0.1899266393
17	0.1881986706
